Région,Nombre_Médecins,Nombre_Patients,Taux_Morbidité,Taux_Mortalité
Haute-Normandie,267,27148,6.45,2.73
Champagne-Ardenne,214,32080,8.06,3.15
Auvergne,179,68476,9.48,0.81
Guadeloupe,931,49735,7.39,1.45
Basse-Normandie,988,80118,8.85,0.87
Nord-Pas-de-Calais,615,74117,1.96,0.84
Guadeloupe,233,66309,7.45,4.14
Poitou-Charentes,862,24234,9.65,0.92
Saint-Barthélémy,785,74824,7.32,3.79
Aquitaine,140,56888,3.11,1.22
Saint-Barthélémy,528,48831,1.52,0.87
Midi-Pyrénées,267,26080,9.62,4.66
Bretagne,493,23543,9.17,1.27
Corse,913,72254,3.56,1.76
Picardie,150,77179,6.95,4.83
Champagne-Ardenne,967,90835,9.97,3.74
Lorraine,268,17199,9.61,4.51
Basse-Normandie,307,60182,5.12,4.2
Poitou-Charentes,659,29021,4.73,4.66
Province-Alpes-Côte d'Azur,161,46302,2.98,1.02
Martinique,471,35391,3.03,2.42
Saint-Pierre-et-Miquelon,201,76486,9.37,1.51
Haute-Normandie,777,45115,7.01,2.5
Centre,346,77561,1.48,4.11
Saint-Barthélémy,527,45506,2.37,3.39
Mayotte,536,16411,7.39,0.85
Saint-Martin,224,35296,4.53,3.33
Bourgogne,718,95558,2.78,3.16
Guyane,161,84858,7.94,0.97
Aquitaine,918,30920,8.94,3.14
Aquitaine,870,10481,5.53,1.0
Province-Alpes-Côte d'Azur,401,60803,0.76,4.54
Corse,639,94083,8.43,2.1
Limousin,326,56644,7.04,1.8
Picardie,756,87011,4.65,3.91
Bourgogne,621,17229,5.27,2.1
Champagne-Ardenne,387,86653,0.83,3.44
Haute-Normandie,649,32891,4.96,4.56
Limousin,946,60676,4.82,2.8
Province-Alpes-Côte d'Azur,412,76047,6.65,3.84
Centre,543,15222,4.1,2.43
Franche-Comté,514,76126,6.91,3.54
Mayotte,185,36997,7.36,3.34
Aquitaine,127,34029,3.55,4.62
Haute-Normandie,227,76812,8.28,2.15
Poitou-Charentes,358,75746,3.65,1.64
Alsace,663,67490,6.69,2.97
Limousin,419,89943,7.14,3.52
Alsace,746,26415,8.93,1.71
Nouvelle-Calédonie,467,13089,4.06,3.98
Franche-Comté,204,34106,8.62,1.19
Province-Alpes-Côte d'Azur,822,49917,3.94,0.62
Nord-Pas-de-Calais,337,81671,2.97,4.76
Bretagne,984,88374,7.89,0.6
Bourgogne,980,95406,5.75,3.76
Rhone-Alpes,635,81183,3.32,4.54
Polynésie française,424,36847,3.68,3.8
Guadeloupe,762,29039,9.59,1.57
Alsace,957,92110,9.15,3.44
Bretagne,696,18443,1.15,4.64
Haute-Normandie,421,19546,4.96,2.81
Île-de-France,653,72746,5.96,4.14
Guyane,576,75141,8.05,1.38
Pays-de-Loire,823,39586,8.82,0.97
Rhone-Alpes,682,61963,1.29,2.9
Corse,178,11274,4.82,4.22
Rhone-Alpes,936,39462,5.42,2.97
Midi-Pyrénées,814,46019,1.12,2.4
Wallis-et-Futuna,440,23958,4.09,3.99
Champagne-Ardenne,707,57200,4.4,2.13
Nord-Pas-de-Calais,818,75905,6.16,2.21
Guadeloupe,195,18589,0.88,3.5
Limousin,414,38997,8.06,3.67
Franche-Comté,957,23571,5.91,3.91
Poitou-Charentes,447,49000,9.48,2.39
Alsace,515,96217,9.53,3.27
Midi-Pyrénées,543,72845,1.46,2.23
Polynésie française,493,34959,9.3,2.79
Réunion,932,63800,9.13,1.51
Poitou-Charentes,265,41037,8.42,2.36
Centre,400,82191,1.3,2.9
Île-de-France,254,83266,1.28,4.88
Guadeloupe,420,73747,8.78,4.8
Guyane,302,53677,7.88,2.87
Champagne-Ardenne,962,83919,7.27,4.21
Saint-Barthélémy,624,16811,8.61,2.79
Guyane,852,71733,9.02,2.5
Alsace,762,48950,5.61,4.65
Picardie,919,12093,4.17,3.32
Wallis-et-Futuna,699,88014,1.07,3.75
Saint-Barthélémy,972,45665,3.56,1.59
Rhone-Alpes,442,28588,1.16,4.8
Lorraine,533,69587,1.48,1.01
Polynésie française,422,11034,9.2,3.43
Languedoc-Roussillon,915,54631,5.63,3.36
Auvergne,642,99559,7.91,2.95
Martinique,474,29801,6.43,4.3
Réunion,913,62648,8.34,4.8
Guadeloupe,747,98088,8.48,3.78
Corse,440,97222,9.9,4.62
Saint-Pierre-et-Miquelon,598,64577,7.39,2.84
Nord-Pas-de-Calais,622,44286,1.44,2.58
Corse,469,26743,5.78,2.13
Alsace,234,95240,9.63,3.51
Limousin,797,21825,7.16,4.88
Guadeloupe,587,78199,2.75,2.99
Saint-Martin,536,31117,8.62,1.59
Martinique,746,25541,2.56,1.86
Guadeloupe,829,32350,8.74,1.83
Mayotte,276,49954,6.96,0.65
Saint-Pierre-et-Miquelon,805,88148,1.42,4.83
Pays-de-Loire,190,27074,5.07,4.96
Haute-Normandie,468,93630,3.97,1.92
Auvergne,398,78456,9.22,4.94
Nord-Pas-de-Calais,443,11509,5.76,3.97
Lorraine,893,54734,6.43,1.64
Île-de-France,201,47739,7.44,3.98
Centre,548,47669,1.0,4.86
Saint-Martin,334,95163,0.5,2.01
Pays-de-Loire,795,17486,0.92,4.61
Mayotte,159,54759,3.92,4.41
Wallis-et-Futuna,344,42182,5.47,3.83
Aquitaine,682,39713,4.57,1.6
Île-de-France,357,76981,4.22,1.36
Bretagne,806,54684,0.76,3.32
Polynésie française,468,56803,9.53,3.66
Martinique,158,56083,8.29,0.75
Guyane,818,45025,1.47,3.31
Corse,893,72328,8.7,1.06
Martinique,973,35691,9.18,1.12
Wallis-et-Futuna,539,65740,8.71,1.51
Saint-Barthélémy,212,62115,4.32,3.06
Languedoc-Roussillon,418,71013,3.23,4.73
Martinique,378,32129,4.31,0.94
Midi-Pyrénées,351,24844,9.33,1.61
Saint-Pierre-et-Miquelon,265,76352,5.8,2.04
Martinique,312,65751,1.57,3.39
Réunion,235,29138,4.82,3.42
Haute-Normandie,194,35504,0.8,1.7
Martinique,957,34827,6.44,3.97
Rhone-Alpes,826,70342,8.29,4.25
Corse,646,91846,4.09,1.31
Polynésie française,195,64467,0.84,0.66
Auvergne,674,53848,4.54,2.38
Picardie,686,60602,6.7,0.9
Mayotte,407,10144,8.63,2.36
Pays-de-Loire,449,66753,6.2,0.9
Haute-Normandie,495,48831,1.91,3.09
Centre,683,94588,6.69,1.98
Centre,305,59059,1.37,4.86
Picardie,971,74073,0.93,2.28
Saint-Pierre-et-Miquelon,362,27281,2.05,3.98
Corse,608,85464,9.05,2.04
Wallis-et-Futuna,412,74328,5.37,2.25
Auvergne,226,82388,8.42,1.33
Auvergne,182,88289,8.32,2.91
Aquitaine,955,35083,9.48,4.21
Nouvelle-Calédonie,375,36987,5.37,1.35
Picardie,899,39784,3.01,4.57
Poitou-Charentes,571,47371,6.81,4.22
Guyane,246,17470,1.12,4.23
Île-de-France,764,13419,6.73,3.93
Franche-Comté,629,85413,5.92,1.68
Guyane,785,30167,4.78,3.2
Province-Alpes-Côte d'Azur,856,20540,1.68,0.73
Polynésie française,724,14876,4.49,3.8
Franche-Comté,359,74203,6.83,4.48
Auvergne,923,57128,2.37,2.87
Martinique,673,63179,7.34,4.39
Province-Alpes-Côte d'Azur,726,40738,6.76,2.17
Haute-Normandie,466,20791,6.4,1.8
Alsace,183,98303,9.03,4.45
Languedoc-Roussillon,575,84300,6.08,4.88
Saint-Pierre-et-Miquelon,122,66214,7.74,2.2
Champagne-Ardenne,819,86124,9.4,3.03
Polynésie française,223,13788,2.87,1.21
Réunion,476,68058,7.52,3.48
Picardie,212,58790,2.58,4.41
Alsace,650,81615,5.02,4.33
Bretagne,757,66130,8.93,1.54
Pays-de-Loire,596,90355,9.89,0.99
Picardie,605,93579,6.91,1.91
Mayotte,245,94955,1.52,2.44
Lorraine,226,58348,9.3,3.92
Nord-Pas-de-Calais,647,43934,2.23,2.48
Languedoc-Roussillon,686,53799,0.59,5.0
Picardie,652,93234,3.5,0.7
Guyane,126,52582,1.72,1.58
Corse,874,42403,1.41,3.48
Bourgogne,247,28309,4.38,0.98
Province-Alpes-Côte d'Azur,355,52238,5.43,0.67
Bourgogne,602,73771,3.35,1.55
Polynésie française,739,27432,3.99,2.77
Franche-Comté,550,68584,6.27,3.64
Nouvelle-Calédonie,503,98107,9.17,2.48
Lorraine,669,45703,3.16,2.87
Poitou-Charentes,236,60864,3.56,4.33
Auvergne,154,53386,3.47,1.17
Poitou-Charentes,487,32597,5.4,3.01
Saint-Barthélémy,614,26709,7.68,3.51
Aquitaine,905,23752,2.13,1.42
Pays-de-Loire,452,84045,6.03,4.17
Île-de-France,359,76815,6.07,2.25
Basse-Normandie,995,17818,2.5,1.04
Bretagne,595,29342,0.65,2.65
Bretagne,456,68167,9.2,2.59
Picardie,765,65605,0.89,0.65
Poitou-Charentes,480,84955,9.47,1.8
Bourgogne,471,68740,5.51,1.62
Aquitaine,180,54685,9.04,1.84
Guyane,861,21512,3.22,1.94
Auvergne,714,27190,0.79,1.5
Centre,428,10732,1.09,4.62
Midi-Pyrénées,413,26618,2.03,4.93
Saint-Barthélémy,719,90509,4.71,2.78
Basse-Normandie,405,48933,2.5,4.64
Mayotte,426,57312,3.94,4.94
Poitou-Charentes,827,14189,9.58,0.96
Martinique,360,84151,4.02,2.96
Pays-de-Loire,875,88338,1.6,4.19
Martinique,598,23050,8.19,0.75
Saint-Martin,136,80450,5.6,4.05
Bourgogne,745,35342,2.94,3.62
Haute-Normandie,320,59695,2.61,3.57
Champagne-Ardenne,302,85417,5.62,2.07
Guadeloupe,856,78726,7.6,1.71
Aquitaine,504,30435,8.58,2.56
Picardie,279,49521,6.52,2.45
Lorraine,985,32880,3.02,3.94
Bretagne,622,17461,3.2,4.71
Corse,714,61073,7.77,1.17
Guyane,309,55286,8.29,4.6
Réunion,983,55427,6.44,2.31
Poitou-Charentes,263,12117,4.84,2.85
Île-de-France,888,10470,9.78,2.93
Nord-Pas-de-Calais,715,85650,8.81,3.77
Poitou-Charentes,741,34363,6.96,3.89
Rhone-Alpes,276,58468,1.51,4.05
Basse-Normandie,160,42022,4.68,2.8
Haute-Normandie,112,70639,7.79,2.6
Saint-Martin,299,92706,8.06,4.77
Guyane,846,69324,3.0,0.99
Martinique,382,17378,6.98,3.2
Picardie,895,71839,1.28,4.91
Saint-Martin,462,47351,8.12,1.02
Bretagne,124,71955,9.31,1.98
Polynésie française,453,95999,6.64,3.18
Poitou-Charentes,592,23466,3.39,1.16
Centre,967,25083,1.44,2.7
Martinique,752,97414,7.11,2.84
Nouvelle-Calédonie,939,47070,4.81,2.04
Polynésie française,104,36622,9.39,1.69
Polynésie française,731,90780,3.18,2.2
Nouvelle-Calédonie,338,81121,6.18,0.69
Bretagne,739,51773,7.98,3.1
Saint-Martin,748,75245,9.74,2.42
Corse,685,76771,7.53,1.36
Centre,500,97165,7.11,0.79
Nouvelle-Calédonie,698,43804,9.26,4.13
Auvergne,777,96655,3.74,4.72
Wallis-et-Futuna,887,76513,5.96,4.95
Champagne-Ardenne,594,77895,8.36,4.33
Saint-Martin,680,82693,3.73,1.48
Île-de-France,715,73716,1.18,4.42
Guyane,796,68895,8.44,4.58
Pays-de-Loire,199,29983,7.0,3.14
Franche-Comté,133,11931,1.74,1.95
Guyane,649,81453,6.74,1.09
Province-Alpes-Côte d'Azur,538,97449,0.57,2.66
Île-de-France,254,75282,3.02,3.0
Mayotte,771,82185,0.83,2.13
Lorraine,627,16186,2.22,3.72
Mayotte,828,95490,7.47,2.96
Nouvelle-Calédonie,236,53062,2.28,2.14
Nord-Pas-de-Calais,394,33832,4.1,3.53
Franche-Comté,161,39178,1.03,1.25
Pays-de-Loire,650,50699,0.71,3.63
Aquitaine,479,68940,3.63,3.53
Réunion,212,92531,4.68,1.7
Basse-Normandie,645,90204,9.48,4.3
Auvergne,969,66044,3.57,4.55
Réunion,236,37185,5.51,2.27
Réunion,561,95666,9.48,4.78
Lorraine,808,34250,5.3,2.03
Pays-de-Loire,111,79093,5.6,2.4
Martinique,715,44537,9.26,0.55
Limousin,582,69982,5.51,0.77
Bourgogne,119,74999,0.96,2.71
Midi-Pyrénées,446,50489,4.88,0.89
Limousin,406,55791,3.06,4.7
Basse-Normandie,267,93002,2.85,1.26
Rhone-Alpes,535,33698,9.82,3.23
Bourgogne,295,69560,3.17,3.17
Mayotte,853,93532,9.73,1.43
Réunion,873,87410,1.83,1.81
Martinique,569,53621,8.81,3.78
Alsace,102,36264,7.75,1.45
Limousin,698,45862,2.96,0.88
Haute-Normandie,420,56268,2.31,1.52
Guyane,507,59202,8.52,3.53
Aquitaine,378,96831,9.38,4.88
Nord-Pas-de-Calais,202,33219,5.15,3.44
Basse-Normandie,622,84612,7.44,2.51
Polynésie française,287,87932,4.56,2.57
Saint-Pierre-et-Miquelon,961,63640,0.94,4.73
Nouvelle-Calédonie,342,21095,1.29,2.38
Franche-Comté,901,63223,4.54,2.07
Nord-Pas-de-Calais,966,75055,8.48,3.21
Poitou-Charentes,723,94903,6.87,4.19
Champagne-Ardenne,592,68402,0.85,4.67
Guadeloupe,592,31093,5.6,1.34
Auvergne,545,61810,0.83,3.82
Champagne-Ardenne,852,57628,3.4,3.75
Mayotte,137,66376,4.4,3.15
Alsace,564,80081,2.35,1.1
Rhone-Alpes,920,82840,1.12,4.52
Saint-Martin,925,91324,2.45,2.72
Limousin,976,11823,1.55,0.56
Nord-Pas-de-Calais,128,17262,9.17,1.32
Mayotte,206,24869,9.37,4.75
Corse,881,88638,9.97,4.04
Saint-Martin,696,22568,2.76,1.38
Limousin,217,80824,3.86,4.16
Saint-Pierre-et-Miquelon,651,26293,4.51,3.31
Languedoc-Roussillon,710,52484,3.75,0.94
Saint-Martin,452,22121,8.03,1.77
Île-de-France,883,74570,3.04,2.28
Languedoc-Roussillon,863,27197,2.58,1.4
Nouvelle-Calédonie,441,70464,6.88,1.46
Nouvelle-Calédonie,710,33618,9.52,2.82
Saint-Barthélémy,384,48151,7.09,1.18
Guyane,971,18598,1.37,0.75
Saint-Martin,282,77512,3.67,4.24
Mayotte,352,74918,5.45,2.59
Nouvelle-Calédonie,425,85170,9.12,1.81
Guyane,756,80108,2.18,3.85
Bretagne,158,70455,9.02,1.55
Saint-Barthélémy,476,79642,3.46,3.94
Champagne-Ardenne,166,52654,5.44,4.82
Lorraine,551,49442,6.91,3.65
Saint-Martin,981,29334,1.34,1.55
Nord-Pas-de-Calais,574,28339,3.57,1.06
Mayotte,791,14739,4.5,1.96
Réunion,901,19497,3.12,2.35
Haute-Normandie,177,54191,9.44,4.25
Polynésie française,880,65129,5.32,1.36
Guyane,661,57897,8.23,1.49
Nord-Pas-de-Calais,675,12398,3.73,2.61
Rhone-Alpes,245,15984,7.65,0.81
Franche-Comté,420,59856,8.06,4.0
Alsace,110,47325,2.68,4.1
Picardie,146,85544,6.05,3.27
Guyane,985,93355,1.48,2.0
Auvergne,468,66188,5.65,4.07
Nord-Pas-de-Calais,139,75632,4.12,3.55
Réunion,686,52715,3.84,4.4
Réunion,586,91167,4.12,1.77
Guadeloupe,134,68084,8.44,3.57
Poitou-Charentes,415,93509,5.72,2.99
Province-Alpes-Côte d'Azur,890,31015,1.95,2.87
Pays-de-Loire,542,17282,5.25,4.96
Picardie,143,54672,7.52,2.23
Auvergne,882,82053,5.02,1.22
Haute-Normandie,498,79647,9.27,4.66
Martinique,418,81929,4.43,1.04
Île-de-France,307,79327,2.49,4.32
Guyane,688,40753,8.99,3.03
Saint-Martin,692,49342,3.95,3.21
Nouvelle-Calédonie,265,77889,1.22,3.08
Pays-de-Loire,738,40091,6.14,3.23
Polynésie française,172,22411,1.57,4.32
Bourgogne,913,85574,4.12,2.32
Pays-de-Loire,832,16751,7.33,1.91
Saint-Pierre-et-Miquelon,800,15634,6.22,4.72
Bourgogne,247,49435,1.01,0.91
Franche-Comté,105,33222,6.76,2.96
Wallis-et-Futuna,546,12534,6.87,3.8
Limousin,395,99673,1.77,4.07
Languedoc-Roussillon,359,29651,3.49,1.35
Rhone-Alpes,843,11901,8.79,3.37
Bourgogne,654,87070,5.74,3.99
Picardie,165,81123,7.07,3.7
Champagne-Ardenne,405,15571,2.2,1.54
Île-de-France,778,47513,4.43,1.18
Poitou-Charentes,948,34402,1.88,4.3
Saint-Martin,464,28992,3.36,0.8
Bourgogne,215,98955,6.69,4.5
Franche-Comté,320,18722,9.3,2.47
Guadeloupe,676,83461,9.66,4.5
Aquitaine,504,70675,0.56,4.15
Martinique,889,69970,7.08,4.91
Lorraine,576,61587,8.14,4.31
Corse,903,38601,9.66,3.1
Guadeloupe,437,19559,7.65,2.62
Poitou-Charentes,504,93166,2.42,4.74
Pays-de-Loire,735,81247,1.22,3.63
Nouvelle-Calédonie,858,41854,5.02,3.16
Lorraine,680,72919,4.47,4.66
Franche-Comté,841,76122,3.71,3.32
Saint-Pierre-et-Miquelon,452,30472,4.53,4.33
Pays-de-Loire,525,30982,4.77,0.83
Réunion,379,33035,4.61,2.04
Bourgogne,670,35976,5.62,4.17
Languedoc-Roussillon,488,73062,8.33,1.01
Aquitaine,505,17271,3.98,2.67
Limousin,305,67648,6.45,3.91
Saint-Pierre-et-Miquelon,743,16606,9.54,1.56
Picardie,252,59543,7.49,2.63
Saint-Pierre-et-Miquelon,190,29180,0.57,2.05
Réunion,547,59205,3.56,1.82
Corse,726,79939,3.59,4.37
Basse-Normandie,846,25839,8.3,2.06
Bretagne,759,91190,9.72,2.32
Bourgogne,653,37811,3.45,1.0
Martinique,989,67546,1.22,1.2
Martinique,261,83312,3.78,4.22
Centre,152,29667,9.44,3.62
Wallis-et-Futuna,161,50227,0.86,1.94
Centre,651,24438,2.67,0.98
Saint-Martin,901,50861,10.0,0.67
Bourgogne,851,55244,4.41,0.55
Aquitaine,118,99617,2.01,4.22
Basse-Normandie,282,44598,3.13,4.25
Wallis-et-Futuna,827,60250,2.31,2.27
Mayotte,452,32312,1.45,1.07
Nord-Pas-de-Calais,604,58412,4.31,2.14
Languedoc-Roussillon,500,41763,5.22,1.64
Lorraine,480,32357,0.94,2.87
Rhone-Alpes,361,30494,5.84,4.92
Polynésie française,272,44230,0.6,4.12
Polynésie française,369,38450,1.23,3.02
Guadeloupe,262,99890,2.71,1.04
Centre,225,49002,8.57,2.62
Saint-Pierre-et-Miquelon,908,23612,2.68,2.87
Lorraine,109,87483,3.52,0.72
Guadeloupe,884,55268,9.12,2.17
Saint-Barthélémy,610,20199,8.17,1.29
Limousin,472,96947,5.27,3.3
Centre,546,48685,6.24,2.51
Saint-Pierre-et-Miquelon,421,63550,4.0,3.63
Guadeloupe,499,74509,6.78,2.67
Limousin,269,11501,2.18,1.38
Polynésie française,154,19567,2.93,4.12
Lorraine,828,18200,0.69,2.79
Saint-Martin,205,11813,3.35,1.0
Nouvelle-Calédonie,255,32693,2.2,2.29
Haute-Normandie,739,18738,2.99,2.09
Languedoc-Roussillon,962,54651,6.91,0.86
Centre,341,43765,6.24,0.56
Poitou-Charentes,533,31360,2.88,1.53
Languedoc-Roussillon,522,52201,2.57,4.19
Saint-Martin,442,66153,1.81,4.5
Picardie,100,73953,2.74,1.21
Champagne-Ardenne,981,95227,8.17,0.98
Champagne-Ardenne,590,50531,5.91,1.54
Rhone-Alpes,243,67961,6.46,4.69
Saint-Pierre-et-Miquelon,819,45981,7.95,2.78
Champagne-Ardenne,649,13747,4.52,3.11
Pays-de-Loire,141,61812,8.65,3.64
Île-de-France,269,89509,5.67,1.81
Haute-Normandie,369,31728,6.0,3.46
Saint-Martin,313,41789,8.45,1.83
Guadeloupe,414,42177,7.82,2.63
Alsace,416,92245,4.3,3.31
Limousin,125,27282,7.74,2.06
Picardie,206,69163,4.3,2.62
Saint-Barthélémy,167,29661,5.95,1.67
Midi-Pyrénées,976,78156,9.57,2.98
Bretagne,494,38678,6.85,2.37
Wallis-et-Futuna,931,25398,8.93,0.89
Polynésie française,849,52818,8.53,4.65
Corse,758,45133,6.1,1.7
Martinique,748,55510,5.37,2.53
Corse,262,61626,1.13,4.68
Martinique,185,87679,9.59,3.65
Rhone-Alpes,956,76960,9.77,0.78
Franche-Comté,559,77700,9.26,4.25
Bourgogne,600,42120,3.45,4.25
Polynésie française,335,54964,4.11,3.97
Saint-Barthélémy,156,96920,2.93,4.82
Picardie,857,27592,5.71,1.22
Centre,349,12959,5.06,2.44
Lorraine,711,22861,7.23,4.29
Alsace,836,95962,5.52,3.04
Martinique,495,80783,5.24,4.56
Saint-Martin,237,10535,2.27,1.74
Franche-Comté,513,40945,8.6,1.15
Rhone-Alpes,599,72948,3.11,1.41
Guyane,610,46560,0.73,2.35
Franche-Comté,503,31583,7.84,2.73
Guyane,663,38728,6.44,2.81
Aquitaine,794,48434,7.61,4.33
Mayotte,391,40747,1.42,1.24
Polynésie française,593,34872,6.37,4.15
Nord-Pas-de-Calais,320,83824,8.71,4.44
Auvergne,318,33293,4.17,4.46
Lorraine,279,88085,4.92,1.27
Bretagne,110,59884,8.9,3.32
Bretagne,549,40644,7.03,3.03
Lorraine,507,97069,4.33,0.58
Wallis-et-Futuna,680,87848,9.12,1.05
Saint-Barthélémy,108,31664,7.3,0.53
Haute-Normandie,830,93861,5.14,2.02
Languedoc-Roussillon,596,39830,3.21,4.56
Polynésie française,372,96546,3.43,2.33
Pays-de-Loire,553,58997,1.63,0.62
Poitou-Charentes,656,66773,7.65,3.1
Midi-Pyrénées,194,29927,1.28,1.88
Nouvelle-Calédonie,344,38612,9.58,2.19
Franche-Comté,928,26917,2.92,4.87
Saint-Barthélémy,743,59875,9.48,1.24
Bourgogne,634,53080,4.01,1.97
Île-de-France,270,66092,8.63,2.24
Basse-Normandie,363,30230,4.22,1.64
Picardie,954,12990,7.54,2.76
Midi-Pyrénées,847,28637,5.87,3.12
Alsace,891,41661,1.45,0.72
Alsace,526,60023,3.17,2.88
Corse,268,92787,3.02,4.74
Languedoc-Roussillon,859,36384,8.26,4.54
Saint-Martin,356,39765,7.83,0.71
Alsace,984,32643,2.15,2.53
Nouvelle-Calédonie,955,81648,7.31,4.84
Poitou-Charentes,868,33788,3.79,0.58
Martinique,648,20783,4.71,3.48
Mayotte,491,17575,3.54,2.94
Auvergne,994,44595,5.95,0.69
Saint-Barthélémy,568,56542,7.27,1.42
Picardie,891,39172,8.48,1.25
Poitou-Charentes,229,72036,8.02,1.54
Auvergne,882,54234,5.89,3.54
Corse,374,89014,3.94,2.65
Île-de-France,445,64112,7.26,1.45
Lorraine,666,81902,2.37,2.21
Lorraine,518,62083,5.7,3.93
Réunion,711,13381,2.17,0.96
Poitou-Charentes,986,42803,9.87,3.12
Franche-Comté,134,60126,1.0,4.06
Rhone-Alpes,869,89869,5.88,4.31
Basse-Normandie,954,19697,2.83,2.99
Limousin,660,35673,2.14,3.58
Centre,899,60917,4.14,4.48
Limousin,133,55202,5.82,1.31
Polynésie française,309,38320,3.46,4.53
Province-Alpes-Côte d'Azur,903,38783,6.27,1.45
Pays-de-Loire,149,96382,5.88,4.1
Saint-Martin,517,49938,9.75,1.71
Centre,522,47592,5.33,1.71
Réunion,886,74154,3.87,4.91
Mayotte,704,12351,1.44,3.38
Wallis-et-Futuna,253,21035,5.04,1.7
Haute-Normandie,118,30652,1.52,3.17
Île-de-France,260,26798,1.22,3.64
Île-de-France,124,73686,1.52,0.6
Alsace,365,82356,3.5,2.25
Mayotte,576,17858,9.21,1.95
Wallis-et-Futuna,701,58652,1.33,3.85
Auvergne,982,95617,6.78,0.53
Île-de-France,465,54186,3.04,4.82
Alsace,768,56009,2.25,2.06
Aquitaine,686,50979,8.7,2.07
Île-de-France,749,73231,7.01,2.1
Auvergne,307,20605,0.85,2.76
Polynésie française,446,89991,6.7,1.96
Auvergne,160,87181,2.28,4.96
Nord-Pas-de-Calais,847,68727,1.52,4.57
Mayotte,772,84389,9.45,2.29
Alsace,795,28239,1.08,1.73
Martinique,568,14090,1.04,3.26
Saint-Barthélémy,945,84101,9.51,3.63
Rhone-Alpes,419,12483,4.33,2.33
Alsace,892,93189,0.64,4.16
Mayotte,321,78696,5.19,4.45
Wallis-et-Futuna,242,97627,7.55,2.08
Lorraine,799,61980,4.92,3.01
Picardie,261,31443,2.57,3.45
Guyane,257,91586,6.08,2.84
Réunion,143,19737,9.84,3.64
Île-de-France,657,65255,3.68,1.36
Île-de-France,566,40679,4.67,3.27
Saint-Barthélémy,216,76879,8.68,2.58
Franche-Comté,333,93941,9.71,2.01
Bretagne,507,75908,5.13,0.69
Centre,176,48898,5.94,3.73
Pays-de-Loire,812,20912,0.96,1.34
Nouvelle-Calédonie,948,37432,5.62,0.55
Corse,976,54348,8.65,1.66
Midi-Pyrénées,876,80278,4.29,1.2
Martinique,195,88224,3.03,2.3
Languedoc-Roussillon,980,11131,4.98,1.51
Province-Alpes-Côte d'Azur,977,18726,2.71,1.77
Wallis-et-Futuna,893,68508,2.43,1.29
Île-de-France,702,60458,4.5,3.01
Aquitaine,976,69795,7.31,1.06
Mayotte,244,30409,5.95,4.01
Limousin,335,36574,3.72,0.88
Guyane,677,79704,4.02,1.49
Haute-Normandie,245,46864,3.92,1.4
Réunion,109,95507,7.08,3.94
Polynésie française,268,66891,3.5,2.54
Nouvelle-Calédonie,576,63678,0.51,2.32
Centre,605,96242,8.76,2.59
Rhone-Alpes,708,50181,2.06,0.79
Corse,895,18085,3.01,2.27
Martinique,946,74737,9.38,1.12
Basse-Normandie,310,94006,2.72,1.59
Mayotte,574,85048,2.98,2.14
Auvergne,929,85697,1.89,2.7
Saint-Pierre-et-Miquelon,604,67443,3.66,4.74
Saint-Martin,316,11171,8.93,3.12
Province-Alpes-Côte d'Azur,237,65299,0.74,1.9
Saint-Barthélémy,350,21601,8.39,0.67
Réunion,111,41847,8.3,3.03
Alsace,129,12383,8.68,3.87
Corse,584,18244,5.68,0.88
Bretagne,142,74779,8.95,4.61
Pays-de-Loire,587,55405,8.36,4.22
Poitou-Charentes,986,33933,1.46,1.88
Picardie,301,71134,3.41,4.68
Bourgogne,732,73602,3.74,1.71
Réunion,179,62755,2.09,2.71
Saint-Martin,126,13123,0.66,2.88
Saint-Pierre-et-Miquelon,385,83118,1.87,3.82
Wallis-et-Futuna,955,76673,4.83,4.55
Lorraine,715,65651,2.24,4.15
Guadeloupe,917,69567,4.5,1.28
Auvergne,816,95358,6.5,2.44
Nord-Pas-de-Calais,103,21794,5.41,4.58
Rhone-Alpes,737,97216,1.05,3.25
Polynésie française,949,49112,8.32,4.36
Île-de-France,869,12973,4.87,4.43
Bretagne,794,32101,4.98,1.98
Mayotte,847,19165,3.73,2.5
Guadeloupe,553,48400,2.52,1.91
Wallis-et-Futuna,962,48213,8.92,4.79
Languedoc-Roussillon,405,68785,4.74,3.88
Poitou-Charentes,406,92055,1.38,1.55
Midi-Pyrénées,966,61061,2.42,4.47
Haute-Normandie,128,93425,1.67,3.91
Limousin,402,91053,5.43,1.02
Nouvelle-Calédonie,443,86592,6.88,1.83
Guadeloupe,765,41976,8.03,3.83
Nouvelle-Calédonie,587,10047,7.39,2.38
Nouvelle-Calédonie,194,41899,5.07,4.17
Saint-Pierre-et-Miquelon,163,88330,3.96,0.64
Île-de-France,660,68412,6.46,0.94
Nouvelle-Calédonie,912,41712,5.11,1.69
Auvergne,485,23371,7.9,0.81
Limousin,581,89282,4.43,3.88
Haute-Normandie,879,17168,5.08,1.36
Guadeloupe,171,97793,6.72,1.61
Bourgogne,793,99958,9.06,1.72
Champagne-Ardenne,215,63303,8.41,1.67
Saint-Barthélémy,975,15256,7.9,2.96
Réunion,834,96533,4.63,1.18
Saint-Martin,394,62429,5.5,2.52
Auvergne,524,33393,4.23,1.49
Saint-Martin,830,58485,1.73,2.74
Basse-Normandie,751,13252,3.63,4.16
Nouvelle-Calédonie,819,77071,6.38,4.12
Poitou-Charentes,942,11011,3.94,3.83
Picardie,323,10316,2.5,0.95
Basse-Normandie,741,20446,9.52,4.12
Basse-Normandie,899,86165,7.5,3.9
Martinique,932,69716,3.55,3.78
Alsace,991,66880,3.05,1.96
Wallis-et-Futuna,533,74890,4.33,3.59
Saint-Pierre-et-Miquelon,352,73756,3.2,2.21
Poitou-Charentes,795,28279,3.74,1.23
Bretagne,755,47409,8.12,3.17
Basse-Normandie,177,75974,2.87,4.22
Pays-de-Loire,909,83858,2.76,0.76
Aquitaine,461,17127,2.94,2.64
Champagne-Ardenne,828,74060,0.7,0.59
Languedoc-Roussillon,372,66371,3.56,4.1
Auvergne,113,61619,4.61,3.39
Midi-Pyrénées,552,87185,5.65,3.94
Mayotte,922,53337,6.87,4.94
Basse-Normandie,847,59834,6.11,1.71
Aquitaine,283,28573,6.84,1.45
Haute-Normandie,993,79506,0.76,4.26
Martinique,292,59264,5.59,0.83
Corse,770,92420,3.52,2.12
Province-Alpes-Côte d'Azur,244,62441,8.21,1.84
Corse,125,40227,0.79,3.98
Province-Alpes-Côte d'Azur,991,22743,8.99,3.21
Saint-Martin,922,56834,0.73,1.48
Saint-Martin,157,13689,10.0,2.43
Réunion,242,60653,3.66,2.09
Haute-Normandie,999,49083,0.75,1.42
Limousin,620,21938,3.34,4.14
Languedoc-Roussillon,208,17855,2.25,2.3
Languedoc-Roussillon,402,75271,3.9,3.97
Réunion,487,87313,1.85,1.05
Picardie,162,53292,8.48,1.26
Polynésie française,865,56677,7.62,0.67
Île-de-France,540,92447,2.53,2.32
Réunion,916,24967,6.66,0.94
Centre,795,35533,7.84,1.14
Bretagne,982,74327,9.72,2.92
Réunion,369,59271,1.2,2.34
Polynésie française,527,87070,1.66,2.65
Haute-Normandie,508,95758,3.01,4.26
Polynésie française,634,97570,7.76,0.63
Réunion,829,68267,9.74,1.92
Champagne-Ardenne,227,82615,4.42,2.54
Poitou-Charentes,871,97060,8.0,3.43
Saint-Martin,236,34442,4.04,4.61
Guyane,624,34684,4.46,3.34
Corse,419,88576,3.82,3.71
Guadeloupe,620,98028,4.75,2.1
Bourgogne,964,41003,2.62,4.63
Saint-Martin,115,81991,4.41,0.55
Haute-Normandie,852,71973,4.71,4.98
Nord-Pas-de-Calais,663,40885,2.19,3.06
Wallis-et-Futuna,466,61883,2.31,1.05
Basse-Normandie,537,57440,2.75,4.96
Province-Alpes-Côte d'Azur,465,80485,3.84,1.76
Picardie,278,35249,9.76,1.99
Aquitaine,159,81255,5.1,4.9
Nouvelle-Calédonie,729,56191,7.69,2.67
Lorraine,908,23072,7.78,2.03
Lorraine,491,74212,2.84,2.75
Wallis-et-Futuna,956,23240,1.55,1.97
Pays-de-Loire,180,45106,4.64,2.07
Guyane,799,36139,6.7,4.51
Polynésie française,861,19691,2.7,2.46
Aquitaine,757,28699,1.42,3.46
Aquitaine,466,17737,2.7,0.73
Midi-Pyrénées,484,13770,8.4,1.48
Saint-Barthélémy,381,76152,4.02,3.54
Haute-Normandie,102,46151,2.13,4.5
Lorraine,328,71940,5.29,1.73
Mayotte,864,85805,5.24,1.5
Bourgogne,420,61404,3.29,2.51
Wallis-et-Futuna,729,43908,5.86,3.01
Franche-Comté,553,56471,4.87,3.4
Aquitaine,987,82010,8.9,4.92
Polynésie française,279,80884,2.24,3.96
Martinique,529,41289,1.99,1.23
Centre,479,66270,2.34,2.96
Wallis-et-Futuna,157,75272,5.99,2.85
Lorraine,149,19897,9.94,2.91
Polynésie française,789,73513,4.42,4.1
Pays-de-Loire,832,80516,7.8,2.27
Aquitaine,268,68026,7.27,1.39
Corse,944,32514,9.74,3.11
Wallis-et-Futuna,808,31868,9.25,1.9
Auvergne,911,58836,5.65,0.56
Limousin,801,72242,1.42,2.71
Wallis-et-Futuna,737,26030,8.57,0.52
Saint-Martin,311,91706,5.95,4.3
Saint-Martin,733,48702,4.48,3.71
Bretagne,534,19935,9.22,1.38
Polynésie française,757,68220,2.58,4.9
Île-de-France,813,38484,8.7,4.22
Alsace,524,94792,0.53,1.18
Lorraine,517,45028,3.18,0.58
Centre,608,95191,1.47,2.41
Franche-Comté,999,42579,1.64,0.78
Corse,559,77593,2.7,3.74
Auvergne,475,82686,2.39,4.7
Centre,217,15734,2.66,1.72
Basse-Normandie,191,16589,0.65,3.36
Saint-Martin,788,61758,8.9,2.16
Champagne-Ardenne,861,48339,9.09,2.03
Midi-Pyrénées,512,24778,1.64,4.68
Champagne-Ardenne,128,54027,3.79,0.89
Île-de-France,527,10628,0.84,3.42
Languedoc-Roussillon,889,94141,0.84,2.0
Île-de-France,118,79723,3.98,3.86
Haute-Normandie,978,28678,8.54,2.21
Auvergne,601,78653,7.84,3.59
Bretagne,633,16595,0.6,1.26
Aquitaine,147,96525,4.93,3.91
Franche-Comté,936,80357,4.37,1.79
Guadeloupe,428,68140,6.2,3.28
Wallis-et-Futuna,801,68972,8.04,2.59
Lorraine,281,30095,8.54,3.4
Midi-Pyrénées,602,16930,3.21,4.71
Polynésie française,119,95095,3.37,3.88
Auvergne,727,38776,7.72,3.49
Mayotte,210,67873,3.83,1.31
Lorraine,157,93094,7.29,0.69
Guadeloupe,238,83248,8.04,0.53
Pays-de-Loire,783,65342,2.08,3.84
Saint-Martin,766,71746,5.29,0.88
Réunion,798,64138,3.48,4.0
Bourgogne,194,38458,3.09,2.04
Mayotte,382,92585,9.32,0.8
Midi-Pyrénées,660,91150,5.54,3.86
Corse,893,34477,6.37,3.8
Poitou-Charentes,411,34680,6.69,2.55
Haute-Normandie,148,24597,6.37,0.98
Midi-Pyrénées,142,80938,4.23,2.58
Île-de-France,968,10724,5.04,2.34
Saint-Pierre-et-Miquelon,594,73007,9.08,1.58
Guadeloupe,315,78628,3.51,4.24
Bourgogne,124,42303,2.08,2.05
Polynésie française,518,51018,7.07,4.05
Franche-Comté,475,53358,9.31,2.5
Aquitaine,548,98498,7.73,1.31
Centre,263,83690,7.29,4.25
Île-de-France,837,28910,2.28,2.87
Martinique,680,92017,5.46,0.88
Centre,655,58664,1.88,2.24
Centre,797,95922,4.63,1.17
Languedoc-Roussillon,195,49677,1.1,2.16
Saint-Pierre-et-Miquelon,478,97829,4.69,4.47
Languedoc-Roussillon,409,11778,8.06,4.9
Languedoc-Roussillon,999,41001,9.42,1.14
Basse-Normandie,469,49773,5.43,0.7
Saint-Pierre-et-Miquelon,351,65570,9.22,4.67
Mayotte,515,67366,8.05,4.56
Aquitaine,367,36218,7.58,4.66
Midi-Pyrénées,962,76235,8.21,2.29
Pays-de-Loire,457,30502,2.09,2.66
Saint-Pierre-et-Miquelon,313,62834,2.31,0.65
Franche-Comté,383,49448,6.47,0.79
Languedoc-Roussillon,382,19647,5.74,2.76
Mayotte,699,33741,7.76,2.67
Centre,159,72824,7.49,1.63
Languedoc-Roussillon,990,88807,9.87,3.03
Polynésie française,956,93894,3.9,3.06
Mayotte,831,77452,3.13,1.85
Centre,131,13046,6.16,3.29
Saint-Martin,181,60218,1.06,0.87
Poitou-Charentes,889,36542,2.71,2.76
Picardie,499,20278,8.16,2.49
Centre,480,40292,6.89,3.34
Bourgogne,474,35383,7.35,1.51
Pays-de-Loire,369,46607,8.6,4.95
Corse,427,40134,5.13,3.48
Saint-Pierre-et-Miquelon,993,87616,5.52,3.87
Nord-Pas-de-Calais,327,20159,5.2,1.63
Centre,118,67213,1.21,1.53
Réunion,657,15016,3.03,1.92
Rhone-Alpes,268,81401,6.59,1.57
Nouvelle-Calédonie,788,12319,6.18,3.68
Limousin,423,23407,2.8,1.15
Saint-Martin,778,10938,1.87,4.0
Auvergne,369,20078,2.66,1.92
Centre,814,66202,5.28,0.82
Rhone-Alpes,924,71521,0.59,3.82
Poitou-Charentes,121,96286,4.85,4.4
Saint-Martin,162,94527,5.76,4.09
Nord-Pas-de-Calais,354,16375,0.64,4.17
Centre,624,70017,9.58,3.96
Picardie,969,55962,8.38,3.98
Corse,425,26771,2.51,1.34
Limousin,540,67122,4.94,2.56
Martinique,261,59862,1.71,1.0
Wallis-et-Futuna,928,69889,9.24,1.74
Languedoc-Roussillon,944,34540,6.02,4.1
Guadeloupe,126,42323,1.39,4.13
Province-Alpes-Côte d'Azur,666,35341,5.64,4.15
Alsace,132,54297,6.95,1.92
Saint-Barthélémy,187,61922,4.45,0.8
Lorraine,226,43279,5.45,1.25
Lorraine,351,41990,3.98,4.74
Auvergne,441,63056,6.34,4.95
Languedoc-Roussillon,285,26169,8.66,3.02
Languedoc-Roussillon,424,55131,4.46,1.14
Haute-Normandie,927,13739,9.08,0.87
Saint-Barthélémy,667,80831,8.39,3.16
Rhone-Alpes,443,89641,2.99,1.99
Saint-Barthélémy,294,23174,8.65,3.8
Polynésie française,134,58576,7.69,0.95
Pays-de-Loire,407,61566,5.07,1.15
Province-Alpes-Côte d'Azur,791,49668,2.81,4.05
Alsace,437,67815,7.43,1.26
Basse-Normandie,200,68663,4.9,2.87
Wallis-et-Futuna,845,97520,8.04,4.95
Saint-Barthélémy,883,92448,0.88,4.08
Pays-de-Loire,673,48825,1.34,0.66
Limousin,547,61855,4.24,1.18
Île-de-France,357,66733,0.75,2.47
Poitou-Charentes,409,61957,3.0,4.07
Nouvelle-Calédonie,948,50698,7.52,1.59
Martinique,508,80338,8.84,1.33
Limousin,395,38505,7.89,4.83
Languedoc-Roussillon,829,82626,5.19,4.25
Basse-Normandie,443,57415,8.15,4.66
Corse,910,62489,4.46,2.69
Centre,846,29097,9.44,0.85
Saint-Barthélémy,737,33891,7.44,3.94
Bretagne,753,64903,6.07,4.14
Midi-Pyrénées,826,65816,6.77,2.07
Picardie,397,40754,8.56,2.3
Bretagne,592,12304,8.98,2.16
Basse-Normandie,547,22387,4.45,1.31
Basse-Normandie,823,17297,8.85,3.87
Haute-Normandie,869,20302,5.68,2.92
Wallis-et-Futuna,549,44018,4.26,1.64
Martinique,864,53949,6.12,2.92
Bretagne,284,35494,7.32,1.02
Réunion,626,97536,8.77,0.87
Wallis-et-Futuna,407,65486,0.73,1.75
Centre,709,43738,3.66,2.1
Alsace,865,66624,9.22,0.61
Guadeloupe,907,45335,3.73,0.63
Corse,463,60097,1.69,0.62
Centre,205,60177,3.16,3.61
Haute-Normandie,404,45173,3.62,4.85
Picardie,256,29089,9.25,2.71
Auvergne,162,98100,5.25,3.51
Franche-Comté,950,53526,9.44,3.27
Alsace,856,11767,6.0,1.98
Champagne-Ardenne,813,72368,9.19,1.57
Martinique,306,21460,8.05,2.27
Guyane,592,39049,9.63,4.34
Limousin,825,85165,9.5,1.95
Haute-Normandie,554,53521,5.35,2.02
Polynésie française,636,58738,0.74,0.85
Lorraine,352,78092,4.22,1.61
Franche-Comté,962,82917,9.02,3.15
Picardie,391,46311,5.14,1.48
Basse-Normandie,373,61087,1.54,1.06
Saint-Martin,286,50304,3.29,4.74
Île-de-France,433,35593,8.67,0.92
Limousin,333,74091,6.86,2.28
Bretagne,831,21658,2.54,4.41
Réunion,691,65966,2.23,3.86
Polynésie française,484,46099,4.57,3.4
Champagne-Ardenne,979,62679,1.71,3.32
Languedoc-Roussillon,548,93632,7.5,3.06
Alsace,233,15297,1.44,2.7
Lorraine,655,76326,7.46,4.74
Auvergne,503,42383,4.94,0.99
Pays-de-Loire,784,39186,9.47,4.3
Pays-de-Loire,475,73995,1.77,1.67
Midi-Pyrénées,267,20888,2.3,4.39
Saint-Martin,811,64112,7.25,2.83
Nouvelle-Calédonie,994,28041,1.46,4.2
Corse,612,63505,2.4,2.1
Réunion,863,61475,6.21,2.72
Rhone-Alpes,164,27680,8.12,1.08
Corse,601,58359,5.05,4.56
Centre,793,96445,0.75,1.83
Rhone-Alpes,174,58600,6.4,3.95
Midi-Pyrénées,504,53057,3.2,2.61
Aquitaine,374,24469,8.43,1.03
Bretagne,397,49857,2.64,3.2
Réunion,525,76505,1.82,3.76
Bretagne,634,84630,4.29,4.9
Limousin,980,59290,7.71,4.5
Bourgogne,450,86447,7.93,1.82
Limousin,437,38937,9.78,3.45
Champagne-Ardenne,136,18881,9.02,4.31
Midi-Pyrénées,628,29405,2.32,3.53
Île-de-France,452,32783,7.13,4.64
Centre,701,74022,2.05,0.82
Polynésie française,864,25731,3.46,1.95
Champagne-Ardenne,373,65393,4.31,1.01
Auvergne,118,99654,9.11,3.66
Martinique,657,52732,9.41,4.37
Midi-Pyrénées,341,87882,4.07,1.34
Martinique,644,20623,6.46,1.96
Aquitaine,206,51174,6.23,2.13
Poitou-Charentes,755,75805,2.34,3.43
Bretagne,843,11258,1.92,4.31
Polynésie française,992,75550,7.74,1.68
Saint-Martin,259,34602,9.71,0.84
Midi-Pyrénées,375,44522,0.65,3.01
Nord-Pas-de-Calais,765,94524,2.75,1.45
Martinique,854,82049,1.94,0.58
Bourgogne,843,79134,9.04,4.9
Nouvelle-Calédonie,955,44475,4.88,3.81
Languedoc-Roussillon,252,97530,6.35,3.53
Rhone-Alpes,520,85482,1.28,3.29
Pays-de-Loire,283,80806,8.83,1.17
Polynésie française,924,65134,2.94,1.93
Saint-Martin,612,77269,0.61,0.68
Picardie,500,60182,3.18,2.71
Polynésie française,157,34017,8.64,3.66
Limousin,724,92542,2.86,3.29
Auvergne,344,27186,5.36,2.9
Poitou-Charentes,939,62404,7.75,3.12
Midi-Pyrénées,527,91807,3.72,3.44
Bretagne,844,53741,7.11,4.64
Alsace,309,71957,8.98,4.49
Franche-Comté,770,23533,4.52,2.14
Basse-Normandie,940,48104,7.29,4.84
Guyane,522,94994,1.62,2.17
Guyane,409,69982,7.61,1.7
Midi-Pyrénées,624,24964,0.81,3.57
Polynésie française,617,34529,5.75,0.82
Haute-Normandie,752,65202,5.37,2.91
Haute-Normandie,700,20248,8.06,2.54
Polynésie française,775,27167,5.51,1.77
Saint-Barthélémy,445,12151,6.14,4.77
Saint-Martin,296,85543,5.18,2.7
Basse-Normandie,747,12901,6.63,2.3
Centre,628,62917,8.08,4.92
Basse-Normandie,567,25172,5.33,1.64
Île-de-France,741,34721,8.09,3.39
Franche-Comté,420,49599,2.65,3.57
Basse-Normandie,484,36099,1.72,1.28
Corse,886,76953,8.37,3.72
Champagne-Ardenne,938,40449,3.46,1.99
